dt,st,fl,ui
2018-09-02 08:40:45,com.samsung.Viva,78.27275,414
2018-08-21 15:27:07,com.tripod.Namfix,92.41096,30
2018-08-22 12:07:40,com.comsenz.Ventosanzap,76.51483,274
2018-04-10 18:41:32,org.archive.Bigtax,38.34108,680
2018-06-03 19:11:14,com.phpbb.Gembucket,59.80553,27
2018-06-24 11:30:32,uk.ac.cam.Transcof,38.63787,621
2018-10-19 13:29:36,edu.umn.Toughjoyfax,5.49269,356
2018-05-18 04:17:07,au.gov.oaic.Temp,4.50709,744
2018-08-10 14:55:31,com.icq.Matsoft,2.91027,537
2018-10-17 04:40:59,com.hao123.Veribet,39.13181,879
2018-03-31 18:07:55,au.gov.nsw.Cookley,91.57531,456
2018-07-17 14:51:23,eu.europa.Bamity,85.54492,725
2018-06-13 22:14:35,jp.ne.biglobe.Treeflex,68.86251,775
2018-04-26 08:12:56,int.who.Prodder,91.35383,444
2019-01-30 13:21:02,gov.dot.Sonsing,52.77386,962
2018-07-12 09:07:46,com.examiner.Holdlamis,11.15758,310
2018-09-26 21:56:53,org.dmoz.Alphazap,4.81611,482
2018-12-05 16:00:51,org.networkadvertising.Solarbreeze,88.96278,59
2018-11-24 01:54:17,la.51.Veribet,39.61909,95
2019-02-22 23:52:18,com.studiopress.Daltfresh,77.96896,67
2018-12-23 16:59:01,edu.tamu.Stim,26.49454,671
2019-01-16 01:13:55,edu.washington.Biodex,17.13573,810
2018-11-03 09:37:03,org.archive.Andalax,17.41499,922
2018-08-31 15:08:12,com.tripod.Mat Lam Tam,56.073,436
2018-09-14 17:53:21,org.un.Ventosanzap,81.38998,110
2018-09-11 08:45:04,com.businesswire.Zoolab,99.24682,560
2018-04-13 20:13:53,de.1und1.Latlux,46.19373,571
2018-05-11 20:54:44,jp.shop-pro.Lotlux,87.45107,986
2019-02-22 13:24:28,com.bloglines.Andalax,71.79929,607
2019-02-24 05:03:58,com.time.Kanlam,66.52163,674
2019-02-23 04:26:18,com.nba.Vagram,57.41993,609
2018-07-16 22:57:27,com.cocolog-nifty.Bitchip,19.87682,758
2018-08-25 07:37:18,edu.unc.Zontrax,45.9188,864
2018-08-03 23:11:55,com.mac.Stringtough,14.38753,850
2018-09-10 23:13:33,com.posterous.Latlux,1.56859,318
2018-06-30 00:26:26,de.spiegel.Zathin,46.8316,665
2018-04-18 17:21:45,com.blogger.Lotlux,85.16392,680
2019-01-29 07:32:52,com.zimbio.Lotlux,76.65792,655
2018-12-18 00:47:50,com.cloudflare.Holdlamis,24.71831,230
2018-12-15 18:35:30,io.pen.Job,50.83593,425
2018-04-29 16:57:40,com.blinklist.Sonsing,96.85951,266
2018-09-13 16:29:12,cc.tiny.Span,3.93054,981
2018-06-28 01:42:42,com.ifeng.Bamity,60.20973,319
2018-05-07 23:46:36,com.symantec.Zontrax,80.14238,928
2018-05-23 05:37:43,com.linkedin.Fintone,50.2096,515
2019-01-05 00:06:29,com.sohu.Kanlam,57.3142,670
2018-10-07 12:47:06,com.booking.Holdlamis,27.11324,244
2018-10-22 18:34:27,it.paginegialle.Fintone,87.73949,90
2018-07-03 23:43:51,com.salon.Y-find,8.23241,604
2018-11-28 08:22:39,me.flavors.Tempsoft,80.17668,693
2018-05-29 19:54:37,com.nbcnews.Sonair,23.20429,155
2019-02-27 00:28:42,org.un.Prodder,79.67925,7
2018-04-30 03:33:05,uk.co.dailymail.Alphazap,96.15769,217
2018-11-10 22:13:02,org.prlog.Tempsoft,36.97124,466
2018-10-02 05:07:55,com.fastcompany.Latlux,52.96628,408
2018-05-10 03:43:37,com.time.Temp,14.05072,310
2019-03-05 06:33:29,com.sciencedirect.Tempsoft,77.98782,343
2018-11-02 06:44:53,com.netlog.Mat Lam Tam,60.82873,53
2018-07-06 20:26:58,com.cbslocal.Alpha,86.61353,613
2018-04-12 06:22:37,com.weibo.Overhold,13.88903,248
2018-08-26 23:00:52,com.cnn.Home Ing,1.51545,417
2019-01-26 22:45:33,uk.co.ebay.Zaam-Dox,77.9321,553
2018-03-17 22:35:09,com.intel.Y-find,56.82071,178
2019-02-12 09:19:57,cc.tiny.Y-find,52.36109,555
2018-09-18 13:13:12,com.nature.Bitchip,96.89824,928
2018-06-02 07:23:02,com.businesswire.Matsoft,53.19756,684
2018-05-01 17:18:45,gov.ed.Cookley,94.62194,988
2018-10-07 12:03:49,edu.nyu.It,13.06126,199
2018-10-02 04:48:28,com.hao123.Domainer,6.31264,342
2019-02-23 13:40:49,gov.nih.Sonair,46.74723,539
2018-08-13 16:14:12,gov.census.Solarbreeze,41.51314,692
2018-11-06 20:04:58,com.stumbleupon.Stronghold,38.18302,596
2018-10-11 11:07:41,info.aboutads.Latlux,35.49655,219
2018-09-13 07:58:42,fm.last.Prodder,78.68405,589
2018-12-12 02:28:13,com.ebay.Daltfresh,91.49071,62
2018-04-07 01:00:12,com.example.Alphazap,42.50759,776
2018-10-28 06:37:46,com.netscape.Regrant,71.81319,259
2018-03-26 01:54:48,com.myspace.Bamity,80.12954,270
2019-01-26 03:58:56,cn.desdev.Rank,1.56411,666
2018-03-19 13:27:32,jp.i2i.Zaam-Dox,47.99488,510
2018-10-23 20:34:06,us.imageshack.Tampflex,71.20627,574
2018-06-12 13:45:10,com.istockphoto.Konklux,88.38168,969
2018-05-24 13:31:51,de.t-online.Y-Solowarm,31.0845,984
2018-06-07 19:28:05,edu.virginia.Sub-Ex,23.50044,642
2018-03-14 01:45:03,net.slideshare.Konklab,96.0375,86
2018-10-08 15:31:14,org.edublogs.Andalax,8.74889,912
2018-12-11 22:55:25,com.prnewswire.Cardguard,54.9905,305
2018-12-10 15:47:21,cn.com.sina.Vagram,5.64106,248
2018-05-05 21:41:32,edu.yale.Mat Lam Tam,48.81128,352
2019-02-26 11:37:24,org.dyndns.Veribet,88.73581,225
2019-01-13 18:14:40,com.chicagotribune.Kanlam,60.32238,953
2018-08-20 22:38:06,com.gravatar.Job,65.34407,155
2018-11-13 12:40:00,com.forbes.Fixflex,50.74646,360
2018-09-05 16:39:47,com.salon.Lotstring,18.21574,656
2018-06-17 22:27:27,jp.ne.dion.Tampflex,60.89109,263
2019-03-02 12:55:32,com.boston.Greenlam,98.3413,964
2018-06-30 19:08:47,com.topsy.Temp,55.87459,150
2018-12-13 06:44:40,com.list-manage.Greenlam,4.93093,913
2018-08-20 04:06:58,edu.illinois.Redhold,36.40628,289
2018-09-20 09:49:55,com.imdb.Andalax,78.23023,689
2018-06-28 19:47:13,vu.de.Sonair,78.53617,17
2018-12-15 09:12:45,com.marriott.Mat Lam Tam,91.09822,351
2019-02-13 01:48:14,com.digg.Tampflex,2.11935,922
2018-11-18 02:16:36,com.squidoo.Hatity,37.60082,58
2019-03-09 16:41:45,cz.mapy.Asoka,94.00996,191
2018-10-22 21:57:50,com.opera.Y-find,35.04816,280
2019-02-17 14:48:45,mil.army.Namfix,76.71948,985
2019-02-09 17:20:40,com.wiley.Flexidy,28.76538,860
2018-04-30 02:48:04,au.gov.privacy.Viva,6.78492,21
2018-07-16 16:18:00,uk.ac.ox.Tempsoft,77.81937,507
2018-04-12 09:57:48,com.livejournal.Matsoft,58.52994,291
2018-03-24 16:18:29,com.reference.Flexidy,43.27915,466
2018-08-25 14:22:47,gov.house.Overhold,64.71878,987
2018-03-13 14:20:30,ly.ow.Viva,98.66856,100
2018-08-20 23:03:27,com.163.Cardify,37.00433,605
2018-04-27 21:37:53,edu.harvard.Latlux,17.23387,171
2019-03-07 08:56:14,cn.gov.miibeian.Holdlamis,53.74507,980
2018-06-06 03:03:26,org.drupal.It,77.59666,28
2018-11-29 21:46:35,com.nymag.Konklab,30.31104,473
2018-05-04 03:36:55,edu.msu.Alphazap,53.77067,329
2018-11-23 10:57:51,tv.ustream.Vagram,25.86844,264
2018-06-13 18:04:15,edu.berkeley.Sub-Ex,74.67339,349
2018-12-19 01:30:56,com.gravatar.Vagram,66.5174,556
2019-01-11 04:33:46,com.addthis.Treeflex,4.54466,418
2018-05-09 19:42:24,com.imgur.Sub-Ex,71.28172,923
2019-02-01 22:33:25,com.blogs.Tempsoft,59.54631,734
2018-10-27 14:25:13,com.dell.Bigtax,78.23515,744
2018-04-01 16:37:52,gov.house.Zamit,85.07984,184
2018-09-08 22:33:51,com.addtoany.Zontrax,33.84434,195
2018-09-14 06:16:41,com.zdnet.Stronghold,40.05068,150
2018-10-02 15:32:42,es.google.Greenlam,8.97691,267
2018-09-03 17:00:02,com.zimbio.Mat Lam Tam,3.56946,525
2018-07-07 06:25:30,com.xing.Ronstring,69.17087,292
2018-07-23 16:38:56,gov.hhs.Bamity,48.15958,816
2018-12-23 19:41:57,com.tripod.Y-find,84.85248,273
2019-02-10 00:49:10,de.spiegel.Bytecard,26.84667,28
2018-11-03 05:20:34,au.com.google.Bytecard,19.51224,591
2018-12-03 06:33:54,au.com.smh.Flexidy,95.83581,766
2018-12-08 02:54:08,org.edublogs.Flexidy,69.80872,150
2018-05-16 12:01:24,com.cargocollective.Tempsoft,21.19414,958
2019-01-22 11:00:11,com.mediafire.Alpha,15.23164,140
2018-06-26 05:55:59,com.goodreads.Andalax,71.25549,903
2018-09-13 07:27:39,com.shutterfly.Sub-Ex,74.19215,280
2018-12-04 02:15:12,net.ovh.Solarbreeze,54.50845,381
2018-11-29 09:15:48,de.t-online.Tres-Zap,27.15372,512
2018-09-01 00:20:00,com.typepad.Konklab,81.51621,172
2018-08-15 04:54:23,uk.co.ebay.Mat Lam Tam,60.67894,72
2018-10-17 08:27:35,com.homestead.Keylex,50.07775,329
2018-10-17 00:38:25,com.imgur.Flexidy,3.11202,500
2018-04-13 06:46:07,com.cdbaby.Lotstring,88.5783,309
2018-08-31 10:51:29,com.pinterest.Latlux,34.3713,550
2018-09-14 01:52:55,com.bizjournals.Flexidy,89.74709,318
2018-07-29 19:34:35,org.dyndns.Regrant,19.2633,143
2018-08-13 01:44:06,com.deviantart.Quo Lux,90.85037,527
2018-11-06 10:09:09,org.dyndns.Y-find,44.97519,232
2018-07-28 03:02:51,nl.google.Bamity,76.67945,685
2018-07-25 22:15:19,edu.cmu.Stringtough,81.68337,895
2018-11-02 02:02:16,gov.whitehouse.Cardguard,84.63466,518
2018-05-21 03:57:07,gov.cdc.Voltsillam,58.2848,277
2018-11-24 09:50:29,com.prweb.Zoolab,90.90027,414
2019-01-27 13:34:01,cn.gov.miibeian.Stringtough,35.35828,62
2018-06-21 09:52:05,com.cocolog-nifty.Zathin,87.53956,780
2018-08-23 10:20:03,com.walmart.Bitwolf,3.79411,747
2018-05-27 17:51:55,ru.ucoz.Flowdesk,6.07927,287
2018-07-27 08:40:11,com.comsenz.Overhold,10.07545,851
2019-02-17 02:23:40,com.elegantthemes.Konklab,94.63265,485
2019-01-07 18:13:12,com.accuweather.Stringtough,74.28443,599
2018-07-04 03:42:07,com.addthis.Veribet,54.62925,695
2018-08-28 00:01:23,jp.exblog.Fintone,78.69558,221
2019-01-02 18:50:45,net.themeforest.Fintone,48.66409,445
2018-08-07 21:43:18,com.geocities.Holdlamis,63.08621,888
2018-04-19 05:31:58,org.redcross.Regrant,65.02526,820
2019-02-15 09:33:51,com.photobucket.Aerified,98.72562,782
2018-04-06 17:58:50,com.dedecms.Fintone,16.06439,259
2018-04-06 23:24:30,ly.ow.Bytecard,11.03232,510
2018-10-21 07:54:59,edu.ucla.Domainer,39.36951,534
2018-06-16 12:27:56,jp.co.rakuten.Ventosanzap,86.08468,930
2018-12-21 21:27:55,com.amazonaws.Namfix,5.81582,526
2018-07-22 07:59:55,com.cbslocal.Lotstring,77.81966,257
2018-06-30 04:53:16,com.newyorker.Cardify,3.92563,250
2018-11-07 07:05:27,com.scribd.Zaam-Dox,51.1648,149
2018-07-09 06:21:21,com.msn.Zathin,68.91748,93
2019-03-11 23:48:49,edu.illinois.Kanlam,67.87553,426
2018-04-06 03:10:34,co.g.Vagram,8.35602,99
2018-06-28 21:13:53,com.cargocollective.Span,16.04676,326
2019-01-09 00:26:07,com.opera.Toughjoyfax,51.33761,234
2018-04-19 16:17:47,de.spiegel.Pannier,77.13681,557
2019-02-03 22:40:21,com.vk.Vagram,98.04161,254
2018-06-30 20:11:39,org.bbb.Kanlam,57.2843,809
2018-10-30 22:22:47,net.furl.Konklux,94.62477,108
2018-11-17 08:10:50,com.tinypic.Keylex,56.06829,246
2018-12-31 12:13:35,com.fotki.Wrapsafe,4.38088,287
2018-09-10 15:05:36,com.buzzfeed.Bytecard,37.30962,933
2019-01-15 00:19:48,org.dmoz.Namfix,54.83146,331
2019-03-10 12:59:50,com.paypal.Temp,35.8147,332
2018-08-23 23:52:01,com.tumblr.Gembucket,62.17196,280
2018-06-28 04:23:11,com.businesswire.Lotlux,85.9678,164
2019-03-06 16:26:55,com.sun.Flowdesk,1.27193,572
2018-12-14 07:50:40,uk.ac.ox.Treeflex,53.46948,429
2018-07-30 23:40:34,com.howstuffworks.Hatity,99.01197,130
2018-04-22 02:08:11,com.webnode.Asoka,62.28684,740
2018-08-23 21:22:10,edu.virginia.Tres-Zap,92.88832,385
2018-08-25 08:55:56,org.wikipedia.Tresom,69.38046,608
2018-10-27 05:11:57,com.pcworld.Aerified,29.70821,555
2018-06-06 09:53:46,net.slideshare.Prodder,3.53999,726
2018-06-30 14:48:58,jp.ne.dion.Transcof,23.71945,525
2018-11-25 02:38:21,com.cafepress.Viva,19.48106,883
2018-03-21 17:24:41,com.theguardian.Fix San,2.56883,378
2018-04-03 01:06:14,com.baidu.Daltfresh,77.05964,112
2018-06-18 16:01:16,com.xing.Bamity,58.88302,400
2018-12-31 02:59:22,au.gov.privacy.Ronstring,42.9761,78
2018-10-14 03:24:32,ru.mail.Temp,78.35249,913
2018-11-24 14:18:29,edu.virginia.Kanlam,98.51539,84
2018-04-26 19:19:44,uk.gov.Gembucket,68.01036,471
2018-11-02 17:29:02,com.apple.Opela,12.69883,465
2018-08-22 09:55:13,com.wix.Trippledex,3.16344,284
2018-11-19 12:21:53,com.tmall.Veribet,98.37131,481
2018-05-18 07:53:34,com.alexa.Alpha,85.26502,866
2018-07-22 10:32:47,edu.illinois.Tres-Zap,63.21385,12
2018-10-28 14:37:53,com.twitpic.It,87.49747,422
2018-12-10 17:59:28,com.weather.Hatity,28.79678,809
2018-08-08 16:26:29,com.addtoany.Namfix,56.72734,663
2018-05-10 01:10:11,net.php.Stringtough,88.41804,421
2018-11-12 07:22:34,com.linkedin.Overhold,90.77491,632
2018-08-15 18:22:36,com.wiley.Tin,45.78018,544
2019-03-05 17:30:02,com.photobucket.Tin,24.38423,282
2018-05-12 15:56:45,gov.va.Bamity,79.16831,722
2018-04-04 07:15:50,com.163.Treeflex,47.2688,829
2018-12-08 12:05:26,jp.ne.ocn.Quo Lux,43.47891,284
2018-04-03 17:15:27,jp.co.yahoo.Sonsing,70.06746,399
2018-05-30 06:48:39,org.mozilla.Otcom,71.77159,812
2018-06-23 08:10:25,com.hexun.Tin,2.29242,866
2018-09-23 21:24:41,org.archive.Solarbreeze,89.25979,611
2018-06-03 12:28:01,com.weather.Konklux,39.27159,45
2018-04-13 00:43:59,com.yellowbook.Zamit,38.11774,246
2019-01-03 13:49:35,com.goodreads.Konklux,43.01159,137
2018-05-12 11:36:17,com.yolasite.Zontrax,78.93068,25
2018-10-06 11:25:00,com.studiopress.Trippledex,73.86966,581
2018-04-11 00:52:50,ru.vkontakte.Kanlam,62.48109,618
2018-12-26 01:06:03,com.marketwatch.Temp,3.37372,63
2019-02-25 06:57:45,com.cnet.Keylex,52.1408,435
2019-03-01 13:53:23,com.newsvine.Zontrax,57.61514,205
2018-09-07 16:16:24,uk.co.ebay.Y-Solowarm,15.92033,550
2018-05-31 06:34:31,com.yolasite.Veribet,9.03561,497
2019-02-17 19:59:08,com.nbcnews.Prodder,99.47869,531
2018-05-23 08:15:06,jp.jugem.Temp,64.51188,807
2018-11-06 00:56:28,uk.co.dailymail.Duobam,79.11676,739
2018-10-29 16:40:56,com.over-blog.Gembucket,10.51407,420
2019-01-10 19:33:46,gov.ftc.Transcof,42.67327,615
2019-02-07 02:52:57,cn.com.people.Fix San,62.09993,634
2018-04-09 15:29:35,com.geocities.Zontrax,48.45769,35
2018-06-12 04:52:01,ru.mail.Ventosanzap,86.96632,796
2018-12-20 01:20:51,com.homestead.It,27.78718,241
2018-08-03 23:45:55,jp.co.infoseek.Duobam,5.21148,853
2018-05-09 03:09:20,com.soundcloud.Keylex,71.08416,346
2019-02-21 14:02:31,com.friendfeed.Konklux,5.76985,779
2018-11-14 08:45:43,net.jalbum.Zamit,45.23198,675
2018-08-12 10:31:24,com.patch.Bamity,33.40734,168
2018-07-20 03:38:27,jp.japanpost.Veribet,19.31396,271
2018-09-17 19:43:01,com.skyrock.Zoolab,32.65583,427
2019-01-15 10:37:17,gl.goo.Bytecard,69.74031,940
2019-01-21 05:33:43,com.tripadvisor.Flowdesk,89.54739,822
2018-11-28 08:04:43,cn.360.Y-Solowarm,57.60972,130
2019-03-12 09:27:50,com.yellowpages.Mat Lam Tam,14.20506,433
2018-03-17 11:12:32,gov.nih.Tin,99.15393,740
2018-11-09 12:07:39,com.theguardian.Toughjoyfax,39.74607,568
2018-10-12 05:33:49,com.theatlantic.Ronstring,64.52955,652
2019-01-26 10:39:29,jp.ameblo.Bitchip,39.31213,924
2018-04-01 15:24:51,com.oakley.Span,92.72198,467
2018-12-08 21:56:18,com.mlb.Voyatouch,70.70778,823
2018-07-11 12:18:05,com.engadget.Wrapsafe,44.09243,236
2018-09-12 12:47:36,org.pbs.Bitwolf,39.04503,481
2018-09-22 04:10:17,org.un.Duobam,52.83788,46
2018-03-20 06:56:03,com.shinystat.Duobam,76.10239,547
2018-06-03 17:19:59,edu.nyu.Rank,64.78036,648
2018-09-19 01:26:32,au.com.google.Solarbreeze,7.09847,237
2018-04-29 06:12:35,edu.psu.Duobam,66.92291,674
2018-06-08 19:47:13,edu.tamu.Job,2.25476,158
2018-06-19 00:17:02,com.weibo.Duobam,67.35693,586
2018-05-24 01:17:22,com.etsy.Y-Solowarm,70.84401,267
2019-03-02 09:30:53,com.hubpages.Prodder,45.9754,884
2018-07-17 07:07:31,com.hibu.Bamity,21.89903,304
2018-09-07 02:53:39,gov.hhs.Lotstring,70.70674,891
2018-09-05 22:06:57,eu.europa.Kanlam,34.58626,231
2018-10-09 00:03:16,ca.cbc.Tres-Zap,22.95392,163
2018-11-09 22:17:32,com.ihg.Transcof,70.08108,693
2018-11-23 04:00:49,com.histats.Daltfresh,73.14422,821
2018-05-17 13:23:47,com.fastcompany.Tresom,31.52748,539
2018-05-01 16:13:33,com.huffingtonpost.Subin,68.73532,517
2018-11-16 17:53:48,cn.gov.miitbeian.Voltsillam,39.41933,256
2019-01-13 15:56:09,com.hugedomains.Konklux,28.12332,775
2018-10-01 13:23:48,net.clickbank.Alphazap,20.62499,278
2018-07-24 08:54:59,com.ibm.Biodex,24.49828,427
2018-04-09 07:49:38,com.list-manage.Fixflex,83.25943,301
2018-06-05 11:23:58,com.friendfeed.Asoka,85.91106,40
2018-06-29 01:52:02,com.sfgate.Holdlamis,98.03714,124
2019-02-26 19:37:32,us.imageshack.Zontrax,38.61808,753
2018-09-02 12:56:19,com.bing.Bamity,35.40927,501
2018-10-29 23:00:43,com.mediafire.Veribet,84.6485,518
2018-06-02 04:11:30,com.seattletimes.Daltfresh,66.52818,899
2018-08-02 05:37:21,com.elpais.Transcof,45.52081,104
2018-09-06 20:38:55,gov.ca.Prodder,91.01221,474
2018-05-08 17:18:31,com.trellian.Lotlux,86.8269,403
2018-06-11 23:21:40,com.github.Bigtax,93.29723,931
2019-03-05 01:08:52,com.go.Zoolab,35.92242,625
2019-02-18 10:25:28,com.weibo.Ventosanzap,26.16086,177
2018-11-17 20:53:09,uk.co.thetimes.Tresom,20.93008,915
2018-12-14 07:20:39,uk.co.telegraph.Tempsoft,3.896,628
2019-03-01 02:05:02,com.bloglines.Tres-Zap,86.72274,577
2018-09-04 19:41:39,com.eventbrite.Asoka,65.91002,545
2019-02-16 22:44:32,com.imdb.Fix San,25.411,327
2018-04-30 04:16:04,com.marriott.Flexidy,59.0746,287
2018-03-26 05:12:16,com.slate.Toughjoyfax,77.75647,10
2018-07-03 01:55:53,eu.europa.Lotstring,63.06804,927
2019-02-20 12:46:58,cc.tiny.Wrapsafe,13.73733,992
2018-08-25 14:57:25,com.indiegogo.Y-find,50.58783,546
2018-04-05 05:46:53,com.cyberchimps.Biodex,51.36206,778
2019-01-29 17:48:09,es.google.Daltfresh,36.90319,386
2018-08-29 14:15:05,jp.co.rakuten.Zontrax,31.98038,881
2018-12-22 05:49:47,com.xing.Lotlux,38.22413,700
2018-08-05 20:50:15,de.google.Matsoft,43.08015,291
2018-11-02 04:26:11,com.usatoday.Bamity,47.3862,833
2018-09-14 04:25:16,com.wsj.Sonsing,61.70739,135
2019-02-24 16:47:58,gov.state.Bamity,84.1666,312
2018-12-14 14:23:21,com.zimbio.Cardify,91.59604,809
2018-11-21 23:09:04,com.biblegateway.Zoolab,79.24767,451
2019-01-02 22:49:55,edu.si.Y-find,37.86293,685
2018-07-17 07:23:57,com.omniture.Aerified,75.20628,919
2018-03-14 05:30:49,com.xrea.Fixflex,43.53331,169
2018-07-31 10:43:54,com.linkedin.Ronstring,20.91841,666
2018-12-19 03:39:56,com.mozilla.Solarbreeze,11.73095,837
2018-11-22 19:18:38,gov.irs.Rank,52.96297,945
2018-05-30 07:23:34,com.bigcartel.Transcof,56.18836,836
2018-05-18 22:19:37,com.quantcast.Holdlamis,9.14473,456
2018-07-09 07:28:49,edu.tamu.Duobam,79.29735,292
2018-06-03 20:55:41,com.ihg.Y-find,70.6451,981
2018-08-30 08:45:36,net.cpanel.Subin,1.26878,348
2018-12-23 12:24:33,com.nba.Stronghold,51.70386,968
2018-05-22 21:07:28,com.shinystat.Tresom,73.586,332
2018-10-19 08:05:57,com.artisteer.Biodex,24.93966,871
2018-03-28 00:41:42,org.craigslist.Span,45.81626,71
2018-07-01 17:31:43,it.tuttocitta.Konklab,42.10015,848
2018-10-07 21:30:08,com.soundcloud.Fintone,66.46217,178
2018-10-15 08:36:37,com.bing.Andalax,24.40244,961
2018-10-29 02:08:54,com.aol.It,98.07763,318
2018-03-22 08:25:48,com.squarespace.Fix San,49.24322,207
2018-09-21 05:33:08,com.cnet.Ventosanzap,39.878,783
2018-10-16 17:56:17,edu.yale.Greenlam,3.83986,494
2018-04-06 05:24:38,org.bbb.Duobam,69.49821,92
2019-01-15 02:37:53,vu.de.Alpha,14.53084,275
2018-12-16 12:18:39,fr.google.Home Ing,65.13409,360
2018-10-04 00:06:19,com.smugmug.Treeflex,24.37343,902
2018-06-09 18:10:48,com.wp.Span,54.24568,261
2018-07-14 01:45:39,jp.i2i.It,90.17645,579
2019-01-22 07:00:33,com.moonfruit.Y-find,21.70887,939
2018-11-28 06:05:19,edu.berkeley.Solarbreeze,5.04632,816
2018-08-27 05:25:12,jp.ne.ocn.Pannier,68.12147,633
2018-08-06 17:33:20,us.imageshack.Konklab,45.08075,614
2018-04-17 07:05:52,net.ovh.Y-Solowarm,57.65623,32
2018-08-23 00:32:33,la.51.Veribet,1.29821,576
2018-06-20 05:31:47,cn.gov.miibeian.Y-find,28.87252,372
2018-07-13 06:05:54,gd.is.Sonsing,11.00492,942
2018-08-01 03:14:20,com.jiathis.Andalax,49.71683,550
2018-06-25 23:55:24,com.bloglines.Sub-Ex,21.03749,280
2019-03-04 03:48:05,com.nymag.Tres-Zap,6.44118,335
2019-01-11 21:00:47,com.techcrunch.Tampflex,88.23414,898
2018-10-27 12:45:00,jp.ne.ocn.Veribet,35.41759,585
2018-07-06 15:29:13,au.org.auda.Tin,66.3861,879
2018-10-13 15:44:56,com.nbcnews.Zamit,61.13047,319
2018-12-01 06:23:58,com.hp.Home Ing,69.81795,788
2018-07-29 12:13:30,com.eepurl.Konklab,4.42021,744
2018-11-30 17:31:25,com.tripod.It,79.86024,199
2018-11-09 19:40:34,com.fc2.Asoka,12.48584,932
2018-07-16 09:00:18,com.yelp.Lotlux,72.74082,4
2018-05-02 19:00:17,net.furl.Stringtough,51.84338,210
2019-01-20 09:41:22,gov.cdc.Sub-Ex,36.36261,939
2018-12-02 02:59:24,com.cloudflare.Bitwolf,18.04339,557
2018-06-08 21:44:55,com.ibm.Sub-Ex,37.27716,415
2018-04-21 15:55:18,org.mozilla.Pannier,42.05491,696
2018-07-23 06:25:50,com.twitter.Andalax,63.34261,957
2018-10-28 15:17:00,de.google.Latlux,80.13161,63
2018-10-18 09:58:31,com.hp.Daltfresh,98.92926,166
2018-12-20 02:45:45,com.ted.Bamity,55.54557,697
2018-04-12 23:56:54,com.dedecms.Bamity,4.50681,532
2018-05-24 02:08:05,com.wunderground.Flowdesk,93.24013,524
2018-10-22 05:43:19,edu.ucla.Zaam-Dox,33.93786,860
2018-12-20 03:40:10,com.mediafire.Bitchip,11.33074,493
2018-09-20 10:18:56,com.zimbio.Kanlam,8.19612,811
2018-11-16 11:23:09,com.issuu.Domainer,13.7075,560
2018-08-07 13:13:28,com.constantcontact.Bitchip,67.51166,113
2019-02-13 06:34:23,cz.mapy.Zaam-Dox,63.68257,700
2018-06-14 21:37:21,com.theglobeandmail.Stringtough,29.65049,553
2019-02-13 06:25:00,net.discuz.Regrant,96.49206,366
2019-01-23 03:23:53,com.github.Lotlux,40.18234,20
2018-04-14 20:52:46,br.com.google.Duobam,45.35506,698
2018-08-18 09:25:08,com.wunderground.Wrapsafe,26.2819,934
2018-11-12 15:05:57,com.photobucket.Trippledex,20.06615,161
2019-01-02 18:20:23,edu.illinois.Toughjoyfax,52.13692,145
2018-12-04 18:12:40,com.businessinsider.Wrapsafe,72.04908,734
2018-12-28 03:42:51,com.istockphoto.Job,46.94986,888
2018-05-12 10:34:55,cz.mapy.It,63.14209,95
2018-09-20 23:50:30,pl.google.Gembucket,8.51261,414
2018-10-16 22:22:49,jp.co.rakuten.Zoolab,48.5745,878
2018-11-20 08:09:01,com.sciencedirect.Domainer,66.5136,305
2018-06-02 14:05:33,mil.army.Subin,53.14837,329
2018-09-21 09:21:11,cc.tiny.Tresom,52.68369,578
2018-12-24 08:39:50,gov.senate.Bigtax,18.69594,964
2018-12-27 17:19:56,com.ycombinator.Opela,85.57366,286
2019-02-05 23:21:20,com.4shared.Transcof,86.33063,97
2019-03-01 02:07:57,de.amazon.Voltsillam,28.6316,923
2018-08-15 06:22:09,com.zimbio.Y-Solowarm,52.6052,242
2018-03-27 21:43:00,com.nbcnews.Overhold,66.45673,954
2018-10-02 22:52:12,com.mayoclinic.Transcof,5.62168,499
2018-07-23 01:14:32,gov.fda.Subin,4.48697,80
2018-07-09 04:28:30,com.tumblr.Sub-Ex,36.06356,813
2018-03-19 16:45:40,com.yellowpages.Konklux,46.34474,178
2018-03-27 01:50:24,edu.utexas.Stronghold,92.82243,634
2018-12-20 15:28:44,com.artisteer.Latlux,20.04452,109
2018-06-18 01:41:00,la.51.Fintone,35.44152,801
2018-11-21 03:12:41,com.nba.Span,41.62721,449
2018-11-28 00:36:34,com.freewebs.Fix San,70.01695,566
2018-08-04 18:50:47,com.buzzfeed.Konklux,92.76584,48
2019-02-09 13:48:46,com.jigsy.Alphazap,4.93168,698
2018-08-29 01:14:59,ca.cbc.Bigtax,23.65604,689
2018-11-07 00:22:15,com.technorati.Tempsoft,79.93478,618
2018-04-25 12:21:51,com.typepad.Sonair,99.61896,709
2018-11-22 14:32:51,com.wiley.Trippledex,63.22188,698
2019-02-02 20:13:37,com.jimdo.Stringtough,94.15313,576
2018-04-03 19:58:38,ru.mail.Latlux,63.60706,611
2018-03-14 18:01:37,org.un.Vagram,95.69008,240
2018-04-08 12:51:08,com.ycombinator.Namfix,85.77786,149
2018-11-13 02:09:06,com.bravesites.Andalax,95.43764,521
2018-08-31 18:41:10,com.salon.Sub-Ex,16.114,47
2018-05-12 07:33:08,com.hostgator.Tempsoft,29.8361,612
2018-06-09 23:22:49,com.prweb.Aerified,98.42866,33
2018-03-20 19:43:59,gov.irs.Sub-Ex,73.38993,324
2018-12-17 11:14:29,com.qq.Duobam,55.19383,408
2019-02-03 05:47:45,com.wufoo.Subin,85.939,968
2018-10-18 05:30:48,gov.whitehouse.Cookley,53.54229,139
2018-03-22 05:45:13,com.wordpress.Biodex,5.3877,183
2018-12-01 17:52:46,com.ehow.Otcom,97.93988,229
2019-01-31 10:02:35,com.fastcompany.Toughjoyfax,27.36463,664
2018-04-12 11:51:11,com.yellowbook.Cookley,43.81249,417
2018-10-29 17:08:01,com.artisteer.Prodder,39.36978,646
2018-11-26 01:18:11,uk.co.amazon.Viva,95.13247,549
2019-01-06 18:41:02,org.creativecommons.Overhold,74.93305,193
2019-02-13 21:39:11,com.taobao.Ronstring,83.65096,197
2018-08-14 16:55:43,com.nbcnews.Tampflex,37.05478,841
2018-06-13 08:25:50,fr.google.Redhold,96.54719,503
2018-09-11 03:39:32,com.merriam-webster.Alphazap,54.71531,623
2018-08-28 17:36:43,edu.uiuc.Konklux,79.28177,240
2018-09-21 16:00:26,jp.ne.dion.Zathin,77.14412,734
2018-12-29 20:46:37,com.cafepress.Bigtax,38.24322,154
2018-10-16 20:12:31,com.nydailynews.Zontrax,26.60864,84
2018-10-19 18:52:09,org.dyndns.Tres-Zap,91.50505,191
2018-04-15 10:08:28,com.shinystat.Vagram,2.20511,295
2018-07-17 15:55:18,fr.pagesperso-orange.Stronghold,5.41676,947
2019-03-10 02:47:26,me.about.Sub-Ex,50.00482,95
2018-12-02 13:38:45,com.seattletimes.Prodder,47.18066,823
2018-06-20 01:35:20,int.who.Stringtough,22.28006,95
2018-12-11 14:03:12,com.boston.Prodder,58.01359,828
2018-09-02 00:46:20,jp.ne.goo.Viva,3.52584,381
2018-07-02 10:17:37,com.patch.Vagram,43.24177,427
2018-05-27 10:53:24,jp.co.rakuten.Overhold,30.11406,833
2018-08-11 02:46:58,com.woothemes.Bytecard,30.26238,147
2018-10-07 16:45:46,edu.upenn.Hatity,42.27109,570
2018-05-18 23:05:05,edu.illinois.Solarbreeze,92.9807,354
2018-11-17 18:14:25,com.samsung.Redhold,82.40047,915
2018-07-25 21:53:39,com.elegantthemes.Lotlux,86.12521,73
2018-12-29 00:57:27,br.com.google.Regrant,53.62152,670
2019-01-25 02:14:27,com.nationalgeographic.Latlux,69.35268,910
2018-09-18 09:11:14,com.godaddy.Solarbreeze,77.15651,574
2018-10-11 21:03:59,au.org.auda.Kanlam,92.98677,794
2018-06-03 19:32:07,com.businessweek.Biodex,33.08434,446
2018-07-06 11:26:21,com.techcrunch.Konklab,24.45946,232
2018-03-24 02:24:19,com.bluehost.Tin,96.94647,649
2019-01-06 15:53:53,uk.co.guardian.Toughjoyfax,56.2065,4
2018-09-24 23:35:47,com.tinyurl.Tempsoft,69.90794,563
2018-07-21 14:53:57,com.blogtalkradio.Transcof,21.08458,366
2018-08-07 05:00:02,com.dailymotion.Otcom,96.8435,655
2018-03-25 13:07:34,com.skyrock.Otcom,34.20024,455
2018-09-28 09:39:36,com.mac.Zontrax,13.23283,659
2018-11-04 20:14:12,com.cafepress.Wrapsafe,26.75217,816
2019-03-08 06:35:21,com.facebook.Hatity,76.04163,537
2018-07-09 01:21:14,com.accuweather.Tampflex,68.83625,881
2018-12-10 19:17:23,gov.fema.Cardguard,69.5864,877
2018-12-18 05:41:33,com.hubpages.Fixflex,88.66014,382
2018-08-03 00:37:01,com.kickstarter.Subin,83.15515,419
2018-10-01 11:24:27,org.dyndns.Trippledex,50.18045,216
2018-11-01 13:14:57,nl.google.Y-Solowarm,65.425,674
2018-06-10 03:52:59,de.e-recht24.Subin,38.269,507
2019-03-02 22:35:23,com.time.Keylex,80.77528,662
2018-10-26 18:53:58,com.cnn.Otcom,88.97219,852
2018-03-24 03:13:21,edu.princeton.Temp,51.86711,694
2018-04-12 08:34:54,com.bing.Fixflex,24.35923,165
2018-09-26 15:04:58,de.amazon.Andalax,17.77445,261
2018-10-19 04:52:20,edu.ucla.Span,11.78729,719
2018-06-29 18:17:46,com.rediff.Otcom,6.5086,176
2018-05-27 23:09:02,org.gnu.Span,52.3717,611
2018-12-31 08:11:27,com.stumbleupon.Duobam,94.70854,516
2019-02-14 16:23:26,org.edublogs.Stim,79.8987,907
2018-10-23 07:20:31,com.hibu.Latlux,56.87751,726
2018-06-03 03:19:50,me.flavors.Holdlamis,28.30466,320
2018-04-01 01:48:45,au.gov.oaic.Bitwolf,92.44088,401
2018-09-29 22:01:12,gl.goo.Treeflex,4.20735,417
2019-02-11 19:29:38,gov.fema.Biodex,67.98538,144
2018-04-17 07:05:14,com.wunderground.Rank,57.85322,767
2018-04-14 00:01:29,org.wordpress.Konklab,66.19998,76
2019-01-05 05:13:03,com.eventbrite.Flowdesk,20.21838,796
2019-02-15 06:11:53,jp.jugem.Namfix,9.74805,471
2018-03-16 19:19:55,jp.i2i.Wrapsafe,45.37887,961
2018-09-01 20:24:15,com.ucoz.Hatity,97.44417,85
2018-11-06 09:59:43,net.ovh.Regrant,12.14151,543
2018-04-21 15:10:52,com.newsvine.Regrant,57.21503,616
2018-12-03 05:39:20,edu.mit.Daltfresh,75.36186,363
2018-11-14 03:27:51,com.tumblr.Lotlux,49.84214,973
2018-06-26 16:05:56,com.meetup.Namfix,80.46472,17
2019-01-18 08:34:48,com.opera.Tempsoft,66.86219,752
2018-04-19 11:16:02,com.youtube.Vagram,40.67137,886
2018-06-11 08:50:45,cn.gov.miibeian.Ventosanzap,80.99275,339
2018-10-07 08:09:24,com.economist.Tin,30.0468,667
2018-06-17 05:48:14,jp.or.plala.Flexidy,86.70833,176
2018-10-07 23:20:56,com.ning.Y-Solowarm,13.077,911
2018-04-06 20:56:08,com.gizmodo.Domainer,87.54736,359
2019-03-07 21:43:39,com.baidu.Subin,16.31486,360
2018-06-15 16:46:54,com.nbcnews.Konklux,88.08618,266
2019-02-27 10:53:43,com.bluehost.Stim,75.0417,202
2018-04-29 09:39:41,uk.co.independent.Sonsing,62.46589,660
2018-08-14 08:52:45,com.aol.Cardguard,37.74499,716
2018-04-21 00:18:39,com.shareasale.Alphazap,55.0816,106
2018-09-28 18:11:40,fm.last.Y-find,83.72742,744
2018-12-13 02:29:37,com.yahoo.Zathin,26.55947,591
2018-09-07 15:51:16,edu.harvard.Prodder,17.67268,876
2018-11-24 05:10:06,la.51.Toughjoyfax,99.54158,753
2018-08-19 16:39:55,com.sitemeter.Keylex,62.02609,299
2018-07-11 15:23:22,gov.census.Daltfresh,63.14979,55
2018-04-15 05:02:46,co.g.Treeflex,99.57282,544
2018-06-01 16:30:40,au.org.auda.Ronstring,46.34731,25
2018-08-27 01:18:36,edu.upenn.Lotlux,96.6478,903
2019-03-02 18:19:54,com.sogou.Voyatouch,34.43237,476
2018-12-01 20:55:54,com.dropbox.Trippledex,23.7334,129
2019-03-06 20:25:51,com.netlog.Sub-Ex,18.65732,44
2018-12-01 03:06:44,com.businessweek.Duobam,95.10735,263
2019-03-06 03:28:10,com.newsvine.Otcom,89.26126,680
2018-07-11 17:18:33,com.skype.Fintone,97.84917,320
2019-01-19 00:59:44,com.wikispaces.Job,75.72457,292
2018-03-24 08:13:52,com.businesswire.Konklab,82.51698,702
2019-02-18 16:57:28,com.twitter.Vagram,9.43998,623
2018-08-07 22:53:09,jp.japanpost.Duobam,51.99746,42
2018-12-24 15:18:10,com.cyberchimps.Y-find,31.74705,380
2019-01-30 23:13:10,cz.mapy.Cookley,32.79236,856
2018-12-30 11:48:51,com.mozilla.Zathin,64.69905,663
2018-07-31 03:45:36,edu.yale.Viva,42.41273,758
2018-06-18 22:47:01,jp.ne.dion.Hatity,56.07152,662
2018-08-23 21:09:42,edu.umn.Lotstring,24.8021,191
2018-07-31 11:49:14,com.purevolume.Duobam,14.40677,744
2018-09-24 13:31:01,de.t-online.Bitwolf,9.65809,968
2019-02-21 06:58:39,com.stumbleupon.Wrapsafe,6.87056,181
2018-04-23 02:30:08,gov.loc.Namfix,40.72221,127
2018-12-07 05:48:26,com.ted.Lotlux,34.2785,128
2018-08-13 18:16:53,ru.odnoklassniki.Trippledex,62.48571,961
2018-03-18 14:56:02,com.yelp.Namfix,55.06125,128
2018-09-22 04:44:37,com.blog.Flexidy,15.59205,270
2018-09-12 10:13:07,gov.whitehouse.Transcof,45.38362,592
2018-04-30 09:18:31,fr.pagesperso-orange.Zathin,29.77578,720
2018-04-09 13:21:19,com.wikispaces.Temp,15.21344,685
2018-03-16 13:32:19,org.dyndns.Stringtough,69.30427,976
2018-04-14 12:41:54,org.wordpress.Stim,78.90016,252
2018-05-06 01:53:25,com.jimdo.Y-find,18.0596,732
2019-02-12 20:05:49,gov.house.Zontrax,10.62447,148
2018-09-11 10:39:36,net.a8.Bamity,56.17166,186
2018-06-07 18:14:16,com.feedburner.Cardguard,69.7529,987
2019-02-09 02:13:35,edu.illinois.Vagram,3.57016,884
2018-08-23 20:41:02,com.examiner.Bitchip,98.77793,991
2018-04-21 06:27:28,com.mysql.Redhold,71.56265,751
2018-12-15 11:43:10,com.newyorker.Matsoft,3.77965,518
2018-10-24 13:35:39,me.about.Viva,74.46891,905
2018-10-03 08:43:16,jp.jugem.Holdlamis,70.79111,202
2019-01-12 18:51:25,com.etsy.Keylex,4.13187,333
2019-01-27 06:56:00,com.blogtalkradio.Prodder,46.74404,892
2019-01-28 12:28:12,uk.gov.Solarbreeze,8.50078,966
2018-10-27 05:04:09,pl.home.Bitwolf,74.74628,637
2018-09-10 11:41:08,com.aol.Tresom,56.97108,431
2018-05-13 00:04:16,com.myspace.Regrant,4.17071,225
2019-01-19 17:37:29,com.twitter.Home Ing,56.60527,944
2019-02-17 10:02:39,jp.ne.dion.Andalax,87.61018,787
2019-01-04 21:02:54,com.java.Konklab,84.14277,182
2019-02-15 17:21:43,com.bloglines.Hatity,57.54766,472
2018-10-28 00:07:13,cz.toplist.Solarbreeze,14.44811,148
2019-01-16 00:39:28,com.yellowpages.Mat Lam Tam,28.99835,871
2018-08-10 22:22:01,gov.fda.Temp,92.99736,610
2018-10-27 03:13:27,com.adobe.Tempsoft,24.43493,341
2018-07-05 20:12:10,de.1und1.Tampflex,69.9047,57
2018-09-24 08:45:35,com.indiatimes.Konklab,93.25927,586
2018-08-19 10:29:00,com.walmart.Tempsoft,14.05789,754
2018-03-29 11:54:06,jp.ne.dion.Sonsing,44.12772,656
2018-09-13 02:22:59,com.elegantthemes.Zamit,12.33852,270
2018-03-31 23:18:00,com.bandcamp.Viva,40.73421,951
2018-11-18 10:02:49,com.cdbaby.Cardify,40.30055,221
2018-03-15 02:33:23,jp.ne.so-net.Prodder,27.5669,919
2018-03-21 22:12:17,com.dagondesign.Voltsillam,31.36847,16
2019-02-25 23:40:09,com.delicious.Fix San,98.25494,191
2018-08-16 18:20:52,jp.ne.so-net.Flowdesk,58.97672,739
2019-02-18 13:48:03,com.nature.Tres-Zap,89.25676,223
2018-06-26 00:59:17,com.squidoo.Fix San,15.10738,217
2018-10-10 16:33:31,com.xing.Y-find,3.94589,120
2018-09-21 04:31:37,com.biblegateway.Tempsoft,27.5743,615
2018-05-02 16:25:15,edu.upenn.Duobam,5.53859,326
2018-05-22 10:05:54,com.newyorker.Bitchip,35.20212,784
2018-12-02 03:56:56,com.reuters.Zathin,86.49185,495
2018-04-30 21:46:00,ru.vkontakte.Sub-Ex,94.15908,925
2018-09-02 19:02:55,com.woothemes.Bamity,11.57461,225
2018-09-10 16:32:11,com.topsy.Konklab,13.99587,785
2018-07-12 14:02:04,ru.odnoklassniki.Duobam,5.07582,675
2018-10-08 10:19:16,com.sciencedirect.Sonair,93.87884,682
2018-03-30 02:17:45,com.diigo.Cardguard,61.01373,573
2018-03-15 03:38:33,com.zimbio.Kanlam,29.59887,463
2018-10-16 23:41:19,com.skyrock.Y-find,84.29756,686
2019-01-13 09:45:17,com.histats.Transcof,47.24513,70
2018-04-14 15:36:37,com.ebay.It,33.75431,148
2018-09-12 00:45:23,org.prlog.Y-find,80.71112,622
2018-07-30 22:04:17,fr.pagesperso-orange.Konklux,84.16284,629
2018-07-09 03:07:14,com.answers.Stronghold,23.98281,840
2018-04-25 12:10:11,gov.nps.Holdlamis,11.99667,170
2018-12-14 00:56:59,com.ning.Pannier,57.21302,168
2019-01-29 18:04:07,org.gnu.Kanlam,68.01147,454
2018-10-01 14:17:32,com.omniture.Bitchip,10.42144,632
2018-10-30 00:40:58,ly.ow.Sub-Ex,33.48093,768
2018-11-30 16:20:29,com.chronoengine.Konklab,9.85118,765
2018-08-19 03:05:31,com.chicagotribune.Veribet,54.90306,724
2018-11-11 22:29:03,edu.mit.Lotlux,88.29437,369
2018-06-10 13:46:57,org.altervista.Flexidy,30.69031,399
2018-06-10 20:44:24,edu.unc.Zoolab,67.2674,965
2019-01-20 13:46:07,uk.co.amazon.Konklab,8.87153,56
2018-11-20 04:10:30,com.chronoengine.Temp,16.4891,947
2018-10-24 05:54:54,au.com.google.Sonsing,31.6655,988
2018-04-28 03:00:25,com.chron.Zaam-Dox,45.77508,633
2018-09-22 16:29:13,com.accuweather.Zaam-Dox,16.36109,996
2018-07-02 12:41:34,com.4shared.Solarbreeze,53.53397,48
2018-11-10 03:52:20,com.techcrunch.Y-Solowarm,86.82961,950
2018-06-22 16:18:20,com.4shared.Matsoft,45.92158,837
2019-02-08 16:48:25,com.blogspot.Mat Lam Tam,22.54417,580
2018-08-25 15:25:42,com.example.Fintone,20.12702,707
2019-01-28 04:43:19,com.businessweek.Tin,56.07142,630
2019-01-27 16:28:57,gov.hhs.Ronstring,28.62645,848
2018-11-11 11:49:02,com.photobucket.Fintone,82.65039,43
2018-04-30 16:11:42,cn.360.Span,11.97084,8
2019-02-02 09:47:03,com.pinterest.Zathin,60.12037,845
2018-08-09 15:00:27,edu.yale.Sonsing,23.30452,670
2019-03-05 20:29:40,com.amazonaws.Y-find,27.66371,283
2018-05-19 23:03:30,com.omniture.Biodex,55.89818,762
2019-02-12 20:15:02,com.tripod.Konklux,31.02266,538
2018-06-16 19:17:29,com.lulu.Asoka,71.42809,766
2018-03-20 10:07:24,uk.nhs.Asoka,52.97028,5
2018-03-22 05:59:27,cn.com.china.Holdlamis,49.41524,322
2019-01-20 14:09:15,ru.vkontakte.Cookley,81.55451,689
2019-02-08 04:14:11,com.posterous.Cardguard,49.8954,991
2018-12-17 21:43:19,fr.unblog.Sonsing,89.59099,826
2018-03-18 22:21:43,com.businessinsider.Overhold,50.66512,388
2018-07-14 07:09:48,org.pbs.Fixflex,91.5229,288
2018-12-20 08:53:30,com.mlb.Sub-Ex,39.90693,30
2018-05-20 17:01:11,edu.cornell.Voyatouch,33.40305,92
2019-02-05 19:14:07,gov.state.Pannier,61.91782,686
2018-04-24 05:58:55,org.unesco.Konklux,40.01344,11
2018-07-24 09:47:39,com.addthis.Ronstring,94.76856,758
2018-11-17 11:10:10,cn.gov.miibeian.Latlux,92.41681,310
2018-10-18 05:52:37,com.geocities.Lotstring,25.11574,929
2018-11-20 01:17:13,com.alexa.Bamity,85.03696,638
2018-11-11 19:09:52,com.intel.Bytecard,16.25314,744
2018-08-09 23:29:39,org.networkadvertising.Stim,97.55719,838
2018-07-31 10:04:31,com.reddit.Namfix,80.87307,811
2018-04-18 16:39:30,gd.is.Keylex,90.57453,382
2018-03-21 15:10:26,com.jimdo.Redhold,40.68382,171
2018-03-30 22:17:25,ch.admin.Vagram,22.77682,807
2018-03-23 20:34:46,me.about.Opela,98.0971,277
2019-03-09 11:42:49,com.dropbox.Redhold,36.30768,173
2018-08-27 23:53:30,com.reuters.Transcof,13.68723,584
2019-02-21 05:37:30,com.howstuffworks.Daltfresh,66.17097,600
2019-03-06 07:57:17,cn.360.Greenlam,46.89665,749
2018-12-06 16:22:44,com.tripadvisor.Zaam-Dox,34.15065,508
2018-12-23 11:49:40,edu.umich.Fintone,51.37434,576
2018-05-04 20:20:18,com.blogspot.Lotlux,56.46768,469
2018-04-17 00:33:35,com.vk.Regrant,99.25569,65
2018-07-18 04:50:29,com.bloglines.Opela,34.48209,957
2019-01-23 20:44:59,com.deviantart.Kanlam,50.24897,644
2018-09-29 18:53:40,com.bloomberg.Bytecard,13.37847,66
2018-10-01 08:55:17,com.scribd.Namfix,41.74058,214
2018-05-10 07:48:32,com.ucoz.Redhold,12.9584,745
2019-01-12 01:50:32,com.yelp.Matsoft,43.07928,149
2019-01-01 16:22:48,me.about.Flexidy,49.89849,347
2018-09-12 14:16:53,net.behance.Transcof,78.2967,958
2018-05-10 15:19:29,com.stumbleupon.Stringtough,39.51704,614
2018-03-24 23:06:03,com.accuweather.Pannier,70.86689,421
2018-05-17 04:33:05,gov.usgs.Zamit,81.95489,774
2019-02-14 17:20:03,com.netscape.Latlux,10.04403,568
2018-03-16 18:25:52,com.dropbox.Konklux,71.34318,758
2018-09-20 20:56:43,com.businessweek.Lotstring,93.99869,479
2018-06-27 15:08:28,com.chronoengine.Sub-Ex,13.85651,61
2018-09-01 02:36:43,com.tinypic.Bamity,41.5183,239
2018-04-18 20:38:46,cz.phoca.Lotlux,51.48841,861
2018-12-14 08:13:19,com.blogs.Pannier,43.94705,569
2019-02-19 22:47:32,de.e-recht24.Overhold,6.22794,433
2018-12-16 13:10:28,com.pcworld.Fintone,93.08914,221
2018-06-22 11:57:53,com.bloglovin.Stim,98.05077,719
2019-01-11 23:32:15,com.walmart.Latlux,9.81845,750
2018-11-12 02:47:38,jp.co.yahoo.Prodder,80.47626,423
2019-01-23 10:07:13,com.marriott.Quo Lux,39.93295,709
2018-04-09 08:15:30,uk.ac.ox.Stim,6.95962,653
2018-05-28 04:09:40,ru.odnoklassniki.Transcof,21.55354,127
2018-10-08 20:51:06,cc.tiny.Prodder,38.79177,581
2019-03-07 10:32:21,com.weather.Fixflex,11.40465,102
2018-06-16 06:36:06,com.4shared.Voltsillam,28.04278,845
2018-08-16 05:29:34,com.usnews.Transcof,61.3515,682
2019-01-19 23:44:09,com.twitpic.Tampflex,30.05178,66
2018-08-04 23:25:40,uk.co.dailymail.Fixflex,47.05119,207
2019-03-04 17:56:54,org.archive.Rank,63.02801,786
2018-11-10 14:52:44,com.theglobeandmail.Zontrax,84.73913,233
2018-11-24 11:11:09,de.e-recht24.Daltfresh,97.99741,694
2019-01-18 23:14:25,com.4shared.Daltfresh,72.57905,385
2018-05-25 21:21:41,org.creativecommons.Kanlam,21.73237,185
2018-03-28 23:46:32,com.cnbc.Asoka,31.52824,137
2018-04-07 03:33:51,cz.phoca.Mat Lam Tam,68.79837,627
2018-06-04 03:21:19,uk.co.ebay.Zaam-Dox,44.11775,922
2018-06-23 08:37:56,com.ihg.Alphazap,22.54103,553
2018-11-28 18:05:46,com.statcounter.Viva,59.25274,584
2019-01-09 16:08:41,com.devhub.Daltfresh,60.73052,607
2018-05-05 03:30:43,com.vk.Zathin,51.79174,415
2018-12-11 16:38:30,com.ebay.Ronstring,29.3871,208
2018-07-17 06:48:22,com.about.Tampflex,38.9298,842
2018-05-01 03:11:15,gov.va.Zathin,12.71801,988
2018-06-06 13:43:00,com.springer.Regrant,11.63324,405
2018-07-27 21:37:40,au.net.abc.Tampflex,91.17736,663
2018-09-26 13:36:48,jp.ne.ocn.Hatity,53.22539,215
2018-10-10 14:39:49,com.yellowpages.Stim,61.01879,37
2018-09-02 17:13:28,com.meetup.Transcof,39.45171,714
2018-04-18 13:14:43,com.vk.Cardify,51.50886,700
2018-12-19 16:58:38,net.themeforest.It,45.67969,503
2018-09-01 05:39:53,com.tinypic.Otcom,26.26762,571
2018-09-08 15:50:45,com.mtv.Treeflex,78.16149,677
2018-06-22 12:58:11,com.newyorker.Cardguard,65.33559,422
2018-10-24 13:34:40,com.biblegateway.Overhold,80.50518,541
2018-04-02 05:46:18,com.pcworld.Toughjoyfax,10.11562,233
2018-05-10 15:54:19,net.ovh.Tresom,97.30968,737
2018-09-07 18:20:49,org.wikimedia.Y-Solowarm,96.29458,640
2018-07-25 16:57:26,io.pen.Fix San,38.31802,563
2019-01-28 02:56:25,tv.ustream.Konklab,28.80324,175
2019-02-25 19:07:50,com.eepurl.Tin,79.5915,383
2018-04-04 20:54:57,uk.co.independent.Daltfresh,99.50041,886
2018-05-01 11:28:57,com.gizmodo.Temp,20.30552,298
2018-07-17 09:03:00,edu.ucsd.Alphazap,69.38394,246
2018-11-18 13:52:56,com.mozilla.Redhold,35.0467,972
2018-12-10 05:02:04,au.net.abc.Prodder,22.53577,838
2018-08-31 16:01:33,com.list-manage.Stringtough,53.78959,277
2018-10-30 02:41:33,com.storify.Lotlux,21.21414,352
2018-10-03 18:54:15,tv.ustream.Ronstring,5.5426,889
2019-01-05 14:38:10,com.ifeng.Flexidy,74.94812,661
2018-10-15 21:06:56,com.geocities.Bytecard,80.82853,132
2018-09-14 10:05:55,edu.harvard.Sub-Ex,55.83175,728
2018-12-22 21:24:20,it.google.Subin,87.2434,731
2018-05-03 16:00:39,ru.mail.Prodder,61.7789,356
2018-09-05 21:16:44,com.wikia.Regrant,18.7196,599
2018-10-03 08:26:49,com.discovery.Bigtax,34.89732,528
2018-08-15 13:05:06,io.github.It,42.69021,935
2018-12-04 20:20:43,com.answers.Voyatouch,35.66465,713
2019-02-18 18:54:11,com.economist.Otcom,68.63468,166
2018-12-13 12:53:19,com.walmart.Fix San,64.23814,150
2018-11-24 10:25:23,com.wikispaces.Zathin,64.40505,131
2018-03-19 20:00:49,com.networksolutions.Y-Solowarm,13.97803,103
2018-07-29 01:14:52,com.indiegogo.Y-find,98.86312,230
2018-11-17 05:20:28,com.go.Veribet,70.63676,902
2018-10-21 16:13:38,com.geocities.Asoka,78.59975,159
2019-02-12 01:30:54,com.globo.Konklux,12.36852,962
2018-06-18 05:16:27,gov.census.Ventosanzap,29.37167,153
2018-08-30 21:29:33,pl.home.Opela,34.75549,291
2019-03-11 08:51:07,hk.com.google.Voltsillam,80.13034,213
2018-03-14 23:27:33,com.tripod.It,55.73826,366
2018-03-14 10:54:14,org.edublogs.Greenlam,8.27938,384
2018-12-28 00:00:02,com.wikia.Y-find,29.16122,906
2018-04-18 13:57:35,com.prweb.Stronghold,61.29673,834
2018-05-13 10:49:50,us.icio.Greenlam,48.05213,50
2019-01-14 23:19:17,com.purevolume.Opela,34.96988,455
2018-12-26 08:29:47,jp.ne.biglobe.Span,38.24427,689
2019-01-29 08:08:11,org.un.Zaam-Dox,22.04457,790
2018-12-08 06:08:45,com.answers.Rank,63.47712,661
2018-08-05 17:20:26,org.creativecommons.Viva,60.05972,623
2018-03-28 02:05:35,jp.ne.ocn.Duobam,74.09857,978
2019-02-20 12:18:55,edu.umich.Trippledex,57.85315,426
2018-11-16 08:35:47,com.woothemes.Konklux,75.30754,467
2018-09-04 19:05:27,com.livejournal.Holdlamis,3.79461,567
2019-01-14 06:48:56,com.skyrock.Asoka,79.22819,326
2018-03-27 13:09:52,edu.umn.Fintone,18.53751,287
2018-12-30 19:03:02,com.live.Y-find,7.82565,96
2018-08-30 10:27:31,edu.unc.Tampflex,47.56246,333
2018-08-10 00:00:22,org.un.Hatity,35.39816,350
2019-01-23 04:41:40,com.tinyurl.Cardify,56.68264,813
2019-01-30 06:20:23,edu.yale.Namfix,39.81299,744
2018-07-19 12:26:45,com.hugedomains.Solarbreeze,44.48379,947
2019-03-11 12:30:49,net.a8.Bitchip,58.64366,854
2019-01-28 04:20:04,net.furl.Alphazap,12.4193,826
2019-01-21 20:42:07,uk.co.amazon.Wrapsafe,93.75275,178
2018-10-29 06:05:42,com.netvibes.Fix San,65.35336,325
2019-01-01 14:02:53,com.sfgate.Daltfresh,28.66831,410
2018-08-22 11:07:10,com.washingtonpost.Sub-Ex,62.65159,271
2018-06-30 05:01:25,fr.free.Veribet,60.85751,617
2018-06-26 17:43:54,com.naver.Mat Lam Tam,18.40058,511
2018-11-24 09:38:59,com.weebly.Prodder,49.07942,213
2018-03-31 01:11:25,com.about.Domainer,63.17973,316
2018-07-16 15:15:42,com.globo.Temp,93.38693,178
2018-06-14 17:08:56,com.economist.Temp,36.95635,918
2019-01-11 12:56:32,jp.ameblo.Ronstring,56.84394,871
2018-12-09 02:44:40,org.unesco.Temp,64.21861,945
2018-06-07 12:23:49,edu.cmu.Fixflex,16.29492,955
2018-12-10 02:35:18,cz.mapy.Pannier,17.63773,321
2018-05-18 08:11:36,co.t.Kanlam,94.30826,163
2018-06-01 18:27:12,com.twitter.Ronstring,46.98706,850
2018-07-20 11:38:24,com.vinaora.Treeflex,44.89619,330
2018-04-07 16:21:14,gov.nps.Konklab,84.46438,876
2019-01-13 16:25:05,com.nydailynews.Ronstring,17.1022,59
2018-12-29 04:42:47,org.unesco.Veribet,78.41777,436
2018-05-07 03:51:58,net.cpanel.Redhold,75.34655,185
2019-03-07 20:46:57,com.feedburner.Voyatouch,76.62621,784
2018-08-07 08:53:41,jp.co.yahoo.Matsoft,18.90079,34
2019-01-19 21:58:41,com.intel.Bigtax,66.96279,534
2019-02-25 16:41:36,com.bing.Toughjoyfax,84.17738,551
2018-07-13 15:41:36,com.gizmodo.Transcof,73.3832,39
2019-01-08 15:27:14,com.vimeo.Transcof,12.18205,444
2018-09-04 19:26:02,com.cnet.Prodder,31.3661,16
2018-06-14 15:24:25,com.scribd.Ventosanzap,56.10676,755
2018-03-21 21:51:20,org.pbs.Vagram,36.43985,959
2018-12-30 09:25:10,org.redcross.Solarbreeze,61.39963,551
2018-07-13 07:46:38,com.freewebs.Konklab,58.14991,123
2018-03-21 23:10:28,com.tinypic.Cardify,98.32849,695
2019-02-19 03:48:31,com.twitter.Transcof,17.68464,784
2019-01-29 18:59:52,com.bloomberg.Zathin,29.21648,787
2018-10-31 23:39:46,com.oakley.Tresom,6.40003,735
2018-10-18 21:03:08,jp.co.infoseek.Pannier,55.75452,3
2018-11-10 01:31:25,jp.ne.goo.Subin,86.87349,819
2018-08-15 04:09:01,gov.loc.Matsoft,59.35815,436
2018-08-16 23:32:39,com.microsoft.Bigtax,30.21523,283
2018-08-30 23:36:57,uk.co.google.Wrapsafe,8.10484,810
2018-09-22 23:08:10,com.surveymonkey.Cardguard,82.72359,800
2018-08-31 09:37:08,com.typepad.Biodex,93.20119,115
2019-01-20 13:42:33,com.statcounter.Cardify,21.51049,104
2018-08-17 22:30:09,cn.com.people.Aerified,71.00092,975
2019-01-08 06:56:47,com.fastcompany.Overhold,48.79802,683
2018-09-19 03:22:13,org.gnu.Fix San,61.75642,130
2018-06-14 04:31:49,com.elpais.Redhold,72.20806,724
2018-04-14 04:12:17,com.example.Matsoft,75.47052,179
2019-01-20 22:57:15,com.weebly.Stringtough,24.02348,416
2018-05-29 14:10:27,com.merriam-webster.Tin,82.10478,936
2018-06-12 03:19:14,com.blinklist.Wrapsafe,31.16429,277
2018-10-01 01:37:47,com.parallels.Alpha,66.62116,166
2018-11-10 00:14:30,com.vimeo.Alpha,20.83581,646
2018-07-18 05:19:26,com.nbcnews.Konklux,27.51216,563
2019-01-09 22:25:10,com.soundcloud.Konklab,72.72932,733
2018-04-10 03:49:48,com.patch.Alpha,35.2966,926
2018-04-13 20:39:02,com.dagondesign.Voltsillam,46.50027,86
2018-08-28 06:19:32,io.pen.Temp,61.10821,668
2018-09-15 14:01:32,com.sun.Cookley,71.77041,828
2018-08-29 21:52:33,net.seesaa.Aerified,51.18311,658
2018-10-27 18:57:03,com.baidu.Toughjoyfax,72.30518,793
2019-03-01 07:11:19,com.vk.Tampflex,15.56991,33
2018-05-21 08:44:13,com.amazonaws.Y-Solowarm,36.14924,885
2018-06-27 07:02:32,com.sciencedaily.Voyatouch,37.41423,769
2018-06-04 12:47:30,com.mozilla.Andalax,64.93868,901
2018-12-24 08:49:21,co.g.Overhold,6.92427,516
2018-07-30 07:29:47,gov.ed.Duobam,21.0779,981
2018-10-17 03:37:42,com.chron.Bitchip,99.24503,575
2018-07-26 10:06:40,com.lulu.Aerified,59.94552,490
2018-06-18 23:32:49,com.flickr.Wrapsafe,62.6216,452
2018-12-04 08:55:47,org.unesco.Fix San,4.41689,138
2018-12-06 21:45:41,com.cbslocal.Redhold,47.79813,355
2019-02-07 19:10:14,gov.fema.Stim,16.34332,929
2018-07-25 19:06:14,com.blogspot.Cardify,55.29949,879
2018-08-04 14:30:39,com.mapquest.Flowdesk,59.30707,329
2018-04-26 13:14:24,com.economist.Cardify,48.2949,323
2019-02-03 18:18:53,com.economist.Bamity,92.10313,746
2018-03-15 00:10:42,uk.co.guardian.Veribet,43.0117,567
2018-10-15 21:35:29,com.mashable.Bamity,54.55206,449
2019-02-04 01:43:38,cn.com.sina.Aerified,17.73371,782
2018-07-29 16:42:00,com.webmd.Stronghold,6.3364,744
2018-07-15 10:27:47,ru.odnoklassniki.Tresom,18.14891,112
2018-11-11 10:38:49,edu.harvard.Hatity,65.51617,771
2018-11-11 08:40:53,org.npr.Home Ing,74.91135,952
2018-04-11 10:41:33,com.imdb.Rank,26.27908,111
2018-07-26 08:43:47,me.flavors.Vagram,36.22904,44
2018-05-13 07:25:08,com.salon.Stringtough,35.64679,103
2018-07-09 20:19:55,org.networkadvertising.Zoolab,20.28729,492
2018-10-01 10:21:43,edu.princeton.Holdlamis,33.23461,65
2018-12-14 04:58:08,com.example.Keylex,12.15607,466
2018-04-11 03:21:32,com.naver.Veribet,55.14198,669
2018-06-23 12:01:23,jp.japanpost.Bitchip,76.24181,601
2018-12-06 13:59:47,gov.usgs.Solarbreeze,91.59376,493
2018-08-25 22:44:45,com.chronoengine.Otcom,96.05025,956
2019-01-18 12:40:23,com.deliciousdays.Flexidy,39.41403,373
2018-03-19 21:50:17,com.usatoday.Fix San,56.20144,964
2019-02-21 16:21:41,com.yellowbook.Daltfresh,18.36595,299
2018-07-11 11:06:07,com.instagram.Flowdesk,95.02771,653
2019-01-29 22:54:01,org.slashdot.Latlux,72.70838,473
2018-10-19 02:44:04,ca.google.Quo Lux,18.57265,906
2018-12-01 11:26:20,jp.or.plala.Mat Lam Tam,59.75512,735
2019-02-24 04:19:47,com.prweb.Andalax,10.72854,652
2019-01-30 11:52:16,gov.irs.Tresom,41.38473,251
2019-01-06 04:47:14,com.examiner.Alphazap,19.84464,415
2018-04-01 08:26:51,co.g.Rank,35.52792,625
2018-03-19 15:15:41,tv.ustream.Pannier,24.70999,819
2018-08-08 02:22:00,com.squidoo.Span,77.31572,606
2018-11-24 05:33:41,com.naver.Span,74.04152,97
2018-03-30 03:50:24,com.chronoengine.Subin,8.37439,210
2019-02-18 20:36:01,cz.mapy.Sonsing,68.52105,342
2018-05-22 07:48:31,be.youtu.Namfix,5.89216,825
2018-10-08 17:43:18,gov.epa.Home Ing,46.34583,852
2019-02-25 14:55:13,com.squidoo.Fixflex,57.82045,948
2018-10-15 21:38:30,com.skype.Vagram,65.99999,267
2018-05-20 14:05:53,com.comsenz.Greenlam,35.8141,710
2018-09-20 00:01:09,com.purevolume.Overhold,83.6214,616
2018-11-08 11:31:38,org.slashdot.Veribet,25.01277,922
2018-12-12 03:25:49,mil.army.Sonair,7.3184,546
2018-06-24 09:06:01,jp.exblog.Viva,76.37651,715
2019-02-23 20:13:11,com.topsy.Matsoft,53.43519,433
2018-03-19 19:35:57,org.slashdot.Y-find,38.08517,722
2018-11-06 14:08:44,com.lycos.Stringtough,51.34414,751
2018-03-23 14:06:24,com.dropbox.Veribet,87.8727,957
2019-02-16 15:49:31,eu.europa.Zamit,3.52323,913
2018-09-21 23:31:59,com.indiegogo.Regrant,64.73867,458
2018-08-06 01:15:08,com.barnesandnoble.Transcof,93.6124,304
2018-05-05 06:54:59,com.youtube.Treeflex,98.46232,847
2019-01-17 01:46:47,com.theatlantic.Domainer,95.53772,24
2018-03-28 02:51:38,com.sogou.Fixflex,7.9634,916
2019-01-15 11:51:14,com.4shared.Subin,62.38738,627
2018-10-30 21:31:56,com.soundcloud.Zamit,71.53446,669
2018-09-09 06:12:26,com.wix.Holdlamis,69.0616,439
2018-08-01 19:04:27,com.geocities.Trippledex,16.52009,224
2018-04-23 17:45:20,com.topsy.Subin,97.27553,789
2018-07-03 21:12:20,com.comsenz.Bitchip,9.57626,448
2018-07-11 12:31:05,com.fotki.Bitwolf,21.41343,202
2019-02-17 10:08:40,com.paypal.Holdlamis,57.55037,520
2018-06-05 11:13:56,com.bigcartel.Ronstring,62.18224,269
2018-05-02 06:08:20,com.google.Fixflex,35.42477,361
2018-05-13 14:51:34,com.scribd.Aerified,61.17071,482
2018-09-21 20:37:32,edu.ucla.Alphazap,65.00826,686
2019-03-09 10:37:00,com.imgur.Konklab,5.29478,753
2018-11-19 10:18:33,com.sfgate.Wrapsafe,74.98398,32
2019-01-22 10:06:37,com.qq.Prodder,98.23199,869
2019-02-03 12:39:28,co.t.Voltsillam,94.19186,12
2018-09-06 20:23:07,com.cbslocal.Alphazap,96.19085,572
2018-10-05 21:36:59,com.woothemes.Mat Lam Tam,78.13371,270
2018-10-12 06:46:13,com.wired.Trippledex,27.53604,523
2018-12-17 10:10:31,jp.shop-pro.Opela,2.33552,676
2018-07-07 02:14:30,com.vimeo.Y-Solowarm,88.4237,266
2018-05-06 06:42:43,com.xing.Zontrax,55.55041,391
2018-04-14 07:30:14,com.bravesites.Hatity,53.39215,656
2018-10-07 11:22:31,com.blinklist.Bamity,60.94262,674
2018-06-03 08:09:11,uk.co.independent.Tampflex,15.55761,435
2018-08-02 15:52:56,edu.yale.Otcom,97.16873,370
2019-01-20 04:49:21,com.wsj.Tampflex,7.01272,596
2018-03-14 04:44:06,com.tmall.Hatity,59.7937,304
2018-09-09 19:53:15,com.feedburner.Namfix,99.5852,883
2019-01-06 14:11:20,com.go.Vagram,52.9828,276
2018-08-22 19:49:54,com.moonfruit.Zontrax,14.59008,582
2018-09-28 03:49:21,com.chronoengine.Biodex,73.35448,996
2018-08-15 23:27:18,gov.usgs.Zamit,4.95932,711
2018-12-14 13:07:08,gov.usa.Cookley,46.10737,324
2018-10-12 13:07:18,edu.illinois.Zontrax,7.37052,796
2019-02-11 22:25:13,com.reverbnation.Tampflex,49.59305,343
2018-05-16 19:27:54,net.sourceforge.Tempsoft,38.47054,37
2018-04-12 17:05:09,com.phpbb.Fixflex,9.42932,492
2018-08-27 05:40:09,com.com.Sonair,1.00582,921
2018-08-11 12:11:15,com.chicagotribune.Greenlam,99.42288,935
2018-06-07 18:28:10,com.eepurl.Regrant,46.52331,51
2018-06-20 06:13:15,com.canalblog.Fix San,37.12085,782
2018-06-07 03:48:54,com.netscape.Stim,18.31097,450
2018-12-11 09:10:37,com.bloomberg.Zoolab,21.57705,276
2019-03-01 19:16:29,com.youku.Quo Lux,8.8692,102
2018-03-14 21:14:17,com.instagram.Subin,42.42989,568
2018-08-29 11:04:31,com.reddit.Flowdesk,27.71943,537
2018-10-15 09:28:21,edu.columbia.Biodex,14.20139,941
2019-02-22 08:46:33,com.usatoday.Biodex,2.41768,435
2018-11-19 11:35:32,com.shareasale.Aerified,94.96958,197
2019-01-19 00:57:47,edu.wisc.Pannier,57.91753,584
2019-02-20 02:28:43,edu.upenn.Regrant,82.54562,416
2018-05-20 14:30:30,eu.europa.Voyatouch,87.0121,685
2018-05-16 03:38:33,com.nba.Biodex,21.31429,650
2018-03-19 01:44:42,com.sun.Lotstring,2.58283,554
2018-08-16 22:19:08,gov.whitehouse.Tres-Zap,72.64175,636
2018-11-14 06:46:49,com.globo.Sub-Ex,51.41315,461
2018-03-28 17:29:13,com.chron.Hatity,77.05831,701
2018-05-19 21:48:39,com.tumblr.Stringtough,56.49242,581
2019-01-21 22:45:21,com.tinyurl.Bitchip,67.22516,672
2018-03-14 01:50:06,edu.illinois.Lotlux,66.13662,595
2018-07-22 15:16:32,com.about.Job,15.172,197
2019-01-02 10:01:04,org.npr.Y-find,44.6657,231
2018-09-20 00:17:27,cn.com.people.Asoka,44.39766,782
2018-06-17 06:14:19,com.economist.Y-find,59.90485,325
2018-06-06 06:00:51,com.naver.Opela,35.61712,369
2018-12-18 12:13:33,com.4shared.Hatity,69.19774,683
2018-10-17 11:35:35,com.shutterfly.Redhold,48.29837,718
2018-09-25 10:25:07,com.dell.Zamit,92.99163,606
2018-06-07 03:51:38,br.com.google.Lotlux,71.46586,978
2018-05-24 01:23:29,edu.illinois.Temp,92.51637,787
